일시,생산량,기온,풍속,습도,강수량,인건비
2021-09-15 00:00,0,21.0,1.8,80,0.0,1.5
2021-09-15 01:00,0,21.0,1.8,80,0.0,1.5
2021-09-15 02:00,0,21.0,1.8,80,0.0,1.5
2021-09-15 03:00,0,21.0,1.8,80,0.0,1.5
2021-09-15 04:00,0,21.0,1.8,80,0.0,1.5
2021-09-15 05:00,0,21.0,1.8,80,0.0,1.5
2021-09-15 06:00,0,21.0,1.8,80,0.0,1.5
2021-09-15 07:00,0,21.8,1.8,80,0.0,1.5
2021-09-15 08:00,800,22.5,1.8,77,0.0,1.5
2021-09-15 09:00,800,23.2,1.8,74,0.0,1.0
2021-09-15 10:00,800,24.0,1.8,71,0.0,1.0
2021-09-15 11:00,800,24.8,1.8,71,0.0,1.0
2021-09-15 12:00,0,25.5,1.8,68,0.0,1.0
2021-09-15 13:00,800,26.2,1.8,65,0.0,1.0
2021-09-15 14:00,800,27.0,1.8,62,0.0,1.0
2021-09-15 15:00,800,26.2,1.8,65,0.0,1.0
2021-09-15 16:00,800,25.5,1.8,68,0.0,1.0
2021-09-15 17:00,800,24.8,1.8,71,0.0,1.0
2021-09-15 18:00,400,24.0,1.8,71,0.0,1.5
2021-09-15 19:00,400,23.2,1.8,74,0.0,1.5
2021-09-15 20:00,400,22.5,1.8,77,0.0,1.5
2021-09-15 21:00,400,21.8,1.8,80,0.0,1.5
2021-09-15 22:00,0,21.0,1.8,80,0.0,1.5
2021-09-15 23:00,0,21.0,1.8,80,0.0,1.5
